{
  "feature_order": [
    "pace_spm",
    "acc_mag_rms",
    "gyro_mag_mean",
    "dom_freq_power"
  ],
  "profiles": {
    "Healthy": {
      "centroid": {
        "pace_spm": 39.93939393939394,
        "acc_mag_rms": 2328.078885509753,
        "gyro_mag_mean": 2194.715228118909,
        "dom_freq_power": 2284178.193503444
      },
      "std": {
        "pace_spm": 9.217701659042497,
        "acc_mag_rms": 152.59655494522528,
        "gyro_mag_mean": 417.7466305485327,
        "dom_freq_power": 1433518.1329802359
      },
      "n_samples": 33
    },
    "Recovery": {
      "centroid": {
        "pace_spm": 37.416666666666664,
        "acc_mag_rms": 2065.966190126149,
        "gyro_mag_mean": 912.776735499111,
        "dom_freq_power": 199145.28419355434
      },
      "std": {
        "pace_spm": 10.189523486841221,
        "acc_mag_rms": 21.97862589018164,
        "gyro_mag_mean": 90.31019593097429,
        "dom_freq_power": 129648.23908673713
      },
      "n_samples": 24
    },
    "Fatigued": {
      "centroid": {
        "pace_spm": 40.35294117647059,
        "acc_mag_rms": 2162.941752505032,
        "gyro_mag_mean": 1725.1762262882849,
        "dom_freq_power": 974537.8123283302
      },
      "std": {
        "pace_spm": 7.646153792598551,
        "acc_mag_rms": 78.89181498100112,
        "gyro_mag_mean": 169.17556725647822,
        "dom_freq_power": 536044.4197591618
      },
      "n_samples": 17
    },
    "Unstable": {
      "centroid": {
        "pace_spm": 40.90909090909091,
        "acc_mag_rms": 2231.7956451785676,
        "gyro_mag_mean": 1878.1254390337133,
        "dom_freq_power": 1669605.3045503842
      },
      "std": {
        "pace_spm": 9.472011838277167,
        "acc_mag_rms": 125.38320768472724,
        "gyro_mag_mean": 279.78687688318035,
        "dom_freq_power": 1006964.6599109401
      },
      "n_samples": 22
    }
  },
  "pooled": {
    "mean": [
      39.604166666666664,
      2211.2427684517024,
      1718.5312467244294,
      1390164.8616244688
    ],
    "cov": [
      [
        16782321355.77419,
        38.69368799292084,
        637.1085774241965,
        64407.793282440594
      ],
      [
        38.69368799292084,
        16782343644.29003,
        71487.28899847172,
        165680882.70082578
      ],
      [
        637.1085774241965,
        71487.28899847172,
        16782639110.098806,
        540122562.7540911
      ],
      [
        64407.793282440594,
        165680882.70082578,
        540122562.7540911,
        1621369111741.0122
      ]
    ],
    "cov_inv": [
      [
        5.958651242583254e-11,
        -1.14013632118858e-19,
        -2.185888698191065e-18,
        -2.3662941456557557e-18
      ],
      [
        -1.14013632118858e-19,
        5.958649340101704e-11,
        -5.785376520240771e-17,
        -6.088873597077079e-15
      ],
      [
        -2.185888698191065e-18,
        -5.785376520240775e-17,
        5.958602307617362e-11,
        -1.9849734196715394e-14
      ],
      [
        -2.3662941456557557e-18,
        -6.088873597077078e-15,
        -1.9849734196715397e-14,
        6.167699402054138e-13
      ]
    ]
  }
}