{
  "Healthy": 2.391007593409353,
  "Impaired": 1.2119462800230882,
  "Recovery": 0.19330591386695498
}
